Latitude,Longitude,AirQualityIndex
40.74109117839666,-73.99573701304587,224.8840858764209
40.74555691519024,-73.99836329133069,236.2118314991078
40.741127483777205,-73.9887283199415,244.11843313335993
40.744835343216124,-73.9895731549018,255.69364579552683
40.75187002104263,-73.99894974464645,230.02884614601538
40.75729220866769,-73.9989005930611,235.13002734249335
40.75114945446339,-73.98621362729675,241.83864935454088
40.757832638265185,-73.98619233429258,252.95429667188463
40.740309332640955,-73.97540201126175,234.96590188281263
40.74634568200419,-73.97658613005989,244.05872142294368
40.74087668521807,-73.96418726621226,233.22276247206432
40.74437149781135,-73.96607807098215,228.78621909523642
40.74978114855836,-73.97543268500407,229.21052836128533
40.75767384871596,-73.97811287907899,238.08422627080867
40.75072244595471,-73.96368037354327,221.90455064039003
40.75698420189465,-73.96742467858027,236.99799621677383
40.76071225940157,-74.00013913608016,208.07786682851247
40.767907917235135,-73.99588497789168,237.5029645438659
40.76304220964964,-73.98654425077896,231.68397073301347
40.767780739025056,-73.98511986574607,225.64679807317475
40.77235719161083,-73.99651630041961,231.02849549415492
40.77817891548512,-73.99774092607642,230.59107766468546
40.77245621773595,-73.98634035648831,237.14162858938425
40.77928227421093,-73.9894170791193,216.57272038491567
40.761524934984095,-73.9791151875511,226.99040609692506
40.76780983317052,-73.97731398605707,219.78024130465323
40.76314006251722,-73.96459957932076,211.56061200986534
40.76703404651137,-73.96526688969603,215.4053204939755
40.77421756503696,-73.97380244952662,232.68367683126172
40.779211416086554,-73.97478615882511,221.72487452244354
40.77260752319047,-73.96439522868944,232.3963083651553
40.77800176767426,-73.96347865158697,220.43089885800478
40.74035378946026,-73.9555988867403,242.35427105504533
40.74525280873208,-73.95585598380968,249.68235332186154
40.73893643709659,-73.94226504471627,242.5362570748552
40.74569864189088,-73.94389243623465,257.8674335918455
40.74985071238221,-73.9545274080875,250.13140843359224
40.757029158306445,-73.95585596246322,244.91251374472097
40.75025237781095,-73.94494668621411,251.73109806077787
40.75519045545586,-73.94544897533294,260.9497354538623
40.73879875280008,-73.9332719292366,251.0338763613118
40.74556747005678,-73.92977491822637,249.30128712807314
40.74117849673559,-73.92077930317795,270.10445337547986
40.744905503757614,-73.92145588875981,256.6112768301479
40.75145509887105,-73.93393451835635,251.33511071840718
40.755213368467174,-73.93192837920289,252.4359906486364
40.751256783356204,-73.91950763050573,247.72669368399895
40.75754856679608,-73.92367885103731,224.09497801739553
40.76073830625152,-73.95655660856536,250.8180496420389
40.768214508118845,-73.95422625619254,252.1299974303521
40.76205386996631,-73.94289268006182,244.18945900127846
40.76724390495221,-73.94499856648473,241.9597460978486
40.77360971423858,-73.95349476703845,268.9693454691426
40.7795676250704,-73.95255276992819,243.14813542169694
40.77347204917266,-73.94185080520043,239.47846696715428
40.77890207822854,-73.94406166882405,268.133025661088
40.76244181199833,-73.93398482007656,273.57521916356063
40.76729823328798,-73.93307773369851,268.3141298146686
40.7624113150543,-73.92286396482496,258.12910966387926
40.76835445478945,-73.91914972902967,247.0667183905517
40.77398993508702,-73.9317482412946,260.8723325957204
40.77880733592353,-73.92975040151713,248.32842336187122
40.772631471543924,-73.92242787913277,246.99590328911742
40.77726688093751,-73.92104179962669,253.05777140900008
40.78330182122985,-73.99790335844091,223.08449561645693
40.78823144957704,-73.99935357106706,207.8916438961673
40.78337733058954,-73.98539088771551,207.58007835012123
40.78923043546875,-73.9867699149217,212.1928273402607
40.79412059914904,-73.99579398756374,236.87852596050774
40.80047871609998,-73.99828992605354,214.13378318282545
40.794373212615604,-73.98694612097984,210.39269061362253
40.801836257142114,-73.98591629728313,198.23766170015534
40.78399462255986,-73.97847527447723,216.35050293599943
40.789284285629705,-73.97875013798401,213.62754009543173
40.78299631654469,-73.96734498672755,217.5355778348028
40.789900292283605,-73.96576678371952,215.95124758204366
40.7940731114138,-73.97503944064313,220.58664847464573
40.8012894377567,-73.97809063740918,205.3488782498098
40.794031722987,-73.96614129845035,215.85343179731845
40.80089186768674,-73.96299140153472,231.11945220054122
40.805169894364404,-73.99671768130959,207.24691837074445
40.8107156677512,-73.99886105647296,207.5953892389443
40.807185681037765,-73.98537911452998,212.16557480397435
40.812800855897414,-73.98771754170708,219.89774211072992
40.81658545371649,-73.99612883887252,193.99250164746613
40.82299153781426,-73.9992028100147,217.8048000164227
40.816877111372726,-73.9878866813998,223.77232450981776
40.82188200404944,-73.9874850715531,210.59593499240563
40.80555321571828,-73.97796690298755,214.44577321470044
40.812627678306804,-73.97855377960158,220.66319061769337
40.80616996508259,-73.96750665678911,212.38460725501145
40.81212903437868,-73.96398049815791,209.06557033651166
40.81629758551323,-73.97508703230886,215.1897401040011
40.82178453547711,-73.9775556710177,212.39698830633318
40.8161592371103,-73.96355383934988,244.7307015621483
40.82374828142902,-73.96596184578341,211.23811685332564
40.78326882228505,-73.9553585162484,132.73606790706276
40.78848716980541,-73.95206964008928,145.7090276488022
40.78456351146234,-73.94501034696933,112.10020512041953
40.78909897946239,-73.943014446028,140.420899180944
40.794799515182376,-73.95695563410963,134.34873238259604
40.79955803130549,-73.95188142731831,143.8677288946261
40.794402271793814,-73.94276315158513,116.7906697087765
40.800842625528,-73.94622669485814,130.78966932569085
40.78365037260858,-73.92998853283902,112.97615738981796
40.7904777792581,-73.9341806167002,117.41991017330153
40.78514479210989,-73.92319123287514,126.39461052026623
40.78868410789284,-73.91997692727816,131.31926719904737
40.79533058704137,-73.93402563625284,138.46830566102034
40.80154864413846,-73.93072574140508,137.14455980191832
40.79565166401589,-73.92248263544782,139.0016116600682
40.79948926883511,-73.92203001481747,146.46648511350662
40.80664729060028,-73.95419806046816,128.206309381362
40.81194942785418,-73.95644886414233,130.2237517787458
40.806873113209754,-73.94241796082994,136.82463476515528
40.81254772402889,-73.94476826179886,142.97691056052096
40.815936576162244,-73.95714912060957,132.7230632452914
40.82209612187263,-73.95716325577202,142.7074266284655
40.8165963463913,-73.94578093972612,146.73782338173962
40.82249036785783,-73.94588043150772,144.8517446564956
40.80640610033467,-73.93406400539712,135.07967637235566
40.810394780879506,-73.93125631537053,135.15630548075328
40.806710628487345,-73.92172920671138,159.38212134071222
40.81278834116741,-73.92007276032935,132.48717102775922
40.815646093441046,-73.93084264753864,143.5881769618467
40.82189094312518,-73.93331801872327,137.70053563923702
40.81754295220105,-73.91902858299575,135.99373612569528
40.82312713973382,-73.92274406878722,132.9422851288556
40.696552924712094,-74.04210076432626,63.616796105141454
40.7018752544937,-74.0422665168593,68.16434012434999
40.69681460040956,-74.03377594429453,72.18722066712681
40.70138939331538,-74.03183516014889,51.782168064005276
40.70581588887097,-74.04338401362304,76.855290680963
40.7131525752001,-74.04191448465807,64.38422532127015
40.706688172549455,-74.0323949432427,52.23853837538876
40.712462290696784,-74.02898931190798,76.21499725309293
40.69493981706669,-74.0212222506083,62.86512153358714
40.70151722583692,-74.01809953470352,54.24720743667186
40.69532347790405,-74.00877883853275,68.72111028548389
40.70150635650581,-74.01023156474966,56.22170685489345
40.70659507145512,-74.01789636334803,69.73350887156752
40.71213767025618,-74.02284601756135,63.57547978297135
40.708439679433084,-74.0084673572784,67.88930048435105
40.7132281580242,-74.0112812007191,70.9184285985261
40.71742793251277,-74.0400043005843,53.347792064710696
40.72373225967563,-74.04056473318434,57.5070512977559
40.719214711686966,-74.02896518956433,80.51964874466404
40.72367058418739,-74.02915511488864,71.14752089070643
40.72952728451673,-74.04218808936572,59.18371328393037
40.73503683559148,-74.04192775867294,51.453101103795035
40.72891599410115,-74.02902717627376,57.661296096733636
40.73450895870998,-74.03408242217739,51.61711307152267
40.71789314422921,-74.02266407967461,74.32139269318537
40.72379522759779,-74.0207016712482,59.69940048658352
40.718575237397644,-74.00717760379801,66.37660783144091
40.72305085306019,-74.01000092229935,71.32323336657389
40.728301873969855,-74.01865121718905,74.73863949761973
40.734859572102174,-74.02268698510188,65.05673075492726
40.72778475259892,-74.01165200705415,68.52908991541298
40.73547657708254,-74.01000923963248,47.70407383810501
40.69541460579116,-73.9982876977567,265.40987732308855
40.702019667638766,-73.99850007015029,264.96699466912446
40.69646530694842,-73.98804566005674,252.68951981716904
40.70229255899159,-73.98646697205328,261.23121015926284
40.70737805461514,-73.99680312335789,275.19715875166673
40.71205393145625,-73.99793981750895,254.8940355726876
40.70782229155323,-73.98587907716696,269.31392925301384
40.71275537321684,-73.9864433952432,274.862060797223
40.696955521136886,-73.97411046398703,267.74283996829513
40.70125136950165,-73.97511242443127,271.0136879956027
40.697427194765034,-73.96272505354615,279.8730686467015
40.700662044482065,-73.96295793284878,259.7521362882999
40.706263446768105,-73.9790696832008,261.919440067509
40.71331248049579,-73.97836054355919,257.3097277544955
40.70738576545339,-73.96524356508013,264.0862591600461
40.71149439433223,-73.96509238681769,262.2715426993182
40.717632448141195,-73.99841142686061,256.5880902922418
40.72359844675331,-74.00071177418722,277.33803826498223
40.71761798652467,-73.98995355379459,268.14937126535006
40.72373436450919,-73.99006589858688,277.17490344830145
40.72839994109476,-73.99795253886263,268.7330437371267
40.733571002497385,-73.99980397283686,278.78359592742225
40.72912292032268,-73.98683640731562,262.13700754351316
40.73399491808042,-73.98607435755972,266.3069866246868
40.71889723853393,-73.97901373224542,258.4418317196372
40.72318928892644,-73.97765073708216,272.54585218294164
40.71762767062391,-73.96758721403926,259.0381376340876
40.724342487095605,-73.9629587072737,273.5630750600737
40.728929970556976,-73.97476398424699,258.6158097490201
40.73333218352976,-73.97698455423641,265.0841579280028
40.72910164915015,-73.96283454930881,259.9609330291593
40.735106861761786,-73.96361309290626,285.2530926180742
40.740623387775955,-74.04383105407808,131.58982957929254
40.745070209756946,-74.04460874599485,133.275694657893
40.73981569929281,-74.03276404213085,127.14774237262614
40.746782752718374,-74.03218527489973,136.37041946766448
40.751775926599656,-74.041395164181,134.77163876018375
40.75573275552172,-74.04420692056003,124.07111502064164
40.74982558605701,-74.03355132973938,125.41638869015605
40.75532957391765,-74.02934545462635,133.2393792315217
40.74000941299505,-74.02142281130938,115.78262050355906
40.746517409627444,-74.02043344057365,133.4356423497789
40.7405695515239,-74.01008288291074,134.36922636655862
40.745006243680855,-74.01139372736277,132.60151244867356
40.75236227619902,-74.02193446272233,127.1796254398682
40.75749384869987,-74.01794304789539,129.84941073444875
40.75059638573901,-74.01074103478587,145.53087827155525
40.7563165317217,-74.00882106284128,143.66425002444484
40.76196601085607,-74.04465226774651,122.21381773631838
40.768222282113236,-74.0425054176134,116.57103484115427
40.76133513647244,-74.03137570027883,144.69240208254118
40.7669911085808,-74.03271199338816,128.62136141364516
40.77345418663829,-74.04509985615785,135.3278578572373
40.77937109850507,-74.04359157624411,129.4963822305568
40.773464418242526,-74.03134249555525,131.33287222291148
40.779371907210475,-74.03003126284986,135.55932990249283
40.76129397985715,-74.01888071873569,120.13310596688626
40.76733927888265,-74.0184304214236,124.90344936559076
40.76075545784426,-74.00899793480671,118.97043002225351
40.768461116866334,-74.00839269060849,148.71922950247676
40.77179218205551,-74.02216456828118,126.72251263782697
40.77947878673199,-74.01841318497502,140.15680930951427
40.773267071844366,-74.00970421674943,118.63425768925346
40.77874403702687,-74.01107492464153,140.39593797052473
40.82822631693556,-73.90830493128605,238.5661207805725
40.83443395250801,-73.91069072045016,242.68580611075149
40.82869714392109,-73.90013606438171,251.33338670019657
40.83269957815378,-73.90176979967721,226.78085547291155
40.838360745803705,-73.90896672095538,255.02920762995862
40.84417373543111,-73.911676893797,247.68336597248808
40.83864762533554,-73.89795498973328,238.76973902636874
40.8438256494555,-73.89800746488733,251.57475526491584
40.82875907175226,-73.88712401973333,243.0992343165496
40.83364802246653,-73.88769012629764,249.7717422260301
40.82851547288898,-73.87767585032078,247.25191973630848
40.83350221022046,-73.87567773602728,229.96803238438235
40.839597971281876,-73.88718165777256,232.55974012289616
40.84308335412647,-73.8870938152666,245.18845789474963
40.838845367562435,-73.87558000492992,236.18393002508108
40.8455643873111,-73.8791424625111,241.77896778452347
40.84959326263238,-73.91043310424999,237.1617053790366
40.85407725993842,-73.90957197905486,263.6522891410937
40.85008746771963,-73.89695535153085,233.18195714401762
40.856084751595404,-73.89958402229395,247.55364432921263
40.860165910725534,-73.91091977746267,234.4970107787894
40.8659892739256,-73.90841657931367,241.80522039250977
40.861097684996004,-73.90093538161096,223.72588118583718
40.865111905691116,-73.90206133314308,237.19200956259297
40.84996124527408,-73.88763418441376,254.4395208755296
40.85462680283297,-73.89103936333623,242.5912915618822
40.84856409062621,-73.8791649153588,234.02795897817714
40.85568582503691,-73.87912667368096,235.75432131987412
40.860384421014565,-73.88969137696249,237.1630604667731
40.86726962023166,-73.8879314591643,246.27540620791203
40.85976421281231,-73.87927330839271,261.85135812480644
40.866451240376634,-73.87627985670322,245.99044664116445
40.828954188889874,-73.86901394359731,260.4391984876026
40.833274283714346,-73.86592529507219,275.0228799065125
40.828737678221295,-73.85734377658574,282.13866885017063
40.83223046469745,-73.85401658261877,290.4474759827812
40.839972798830644,-73.86801558039103,276.72777149061403
40.845752369413404,-73.8692450572701,273.7762385946472
40.838703859362965,-73.85327236921911,284.7329810128087
40.84354629005538,-73.85625572544579,262.9601487075525
40.82809207301078,-73.84452279797225,264.7616026328088
40.833667482606415,-73.84445120276494,268.65158681929375
40.828056135606744,-73.83442435051592,262.18327729193817
40.83260168902069,-73.83468017069515,271.7764874827283
40.838764865013935,-73.8461551014806,282.47248800177726
40.84488398691069,-73.84387457176022,275.70636459737926
40.83947823328762,-73.83620141958511,283.83060844816373
40.84443020283434,-73.83601892007879,288.4040607312285
40.84961122481963,-73.86883869018321,277.1780209350769
40.85455430511522,-73.86741683608055,255.81605647320134
40.849986594858834,-73.85623138783767,273.6606960179204
40.855231579049864,-73.85566531644528,275.3761702245427
40.85971949076146,-73.86580577056046,255.7099956559865
40.8677178047582,-73.8675259348534,256.2853670718516
40.86012073589241,-73.8549316705061,268.33203139440724
40.86598614460152,-73.85433332183021,275.34662547615625
40.84980110140068,-73.84217546934477,272.9083539743278
40.856216515790486,-73.84230677711999,280.1730567787704
40.84931955823804,-73.83456441115311,278.4911321957793
40.85501109870699,-73.83521210481085,275.3197078557064
40.86193777441958,-73.84562208614277,258.7773867159015
40.86599346873525,-73.84405299701608,257.5107493689302
40.86142774611845,-73.83322376361919,268.6285793662206
40.86562057141169,-73.83231162950804,255.8977217771482
40.785011542132295,-73.90944283705961,128.74761056273886
40.790029949650446,-73.90939680393119,146.21366341244402
40.78277399117587,-73.90028496264108,144.2714322571674
40.78892169162858,-73.897607344503,142.87618219281418
40.79460862568417,-73.91318432020681,130.346323587898
40.79988060290367,-73.90880036817182,151.0497688152348
40.793709749708086,-73.89947256806279,131.00902582811392
40.79919084676583,-73.8978692700404,139.12691488713742
40.78323050740365,-73.88901225492229,142.7823587598951
40.78967578514126,-73.88843805089097,148.11659134867676
40.784491276073034,-73.88027708443582,141.40281565361866
40.78850397721314,-73.87569870212623,134.8670756321529
40.796261878593725,-73.88843296206815,142.03185711102293
40.80097550770941,-73.88937036977246,155.55438388556402
40.794416380260984,-73.87664138942712,143.2791551151059
40.80056687742003,-73.87696531535558,145.06166288958548
40.80595165450716,-73.91151301822573,167.19466657257126
40.810433772641524,-73.91214823304962,139.01757224267388
40.804799945403474,-73.9006802816726,160.45038601668665
40.812618603590685,-73.90193107348027,146.02920615277066
40.8174468265279,-73.91029054195184,143.62312035855612
40.8223627837309,-73.9125504094203,126.17373798394271
40.81651754409057,-73.89826138935592,150.31387110927773
40.82161627988051,-73.89764599214998,122.75285084543607
40.80461199946464,-73.88617970737715,145.91874202440812
40.81239594790318,-73.88953172546617,133.06963848876
40.806092078229305,-73.87486781257942,141.51590099316635
40.812491163129344,-73.87864654445437,151.41703900286157
40.81649598618611,-73.88606359686078,133.42042019193897
40.82113700959375,-73.89072846418091,138.60960034785882
40.81726667787053,-73.87605057546837,133.51597044326974
40.82272690235176,-73.87900774850483,138.73449985047966
40.785046571674876,-73.8642566360181,26.95372814661475
40.78831859050778,-73.86675374434658,46.60965406591504
40.78332400965184,-73.85615206199297,56.11604946839605
40.78818592761314,-73.85737403865465,53.22263573203988
40.794842533958295,-73.86890730547852,17.02358607704278
40.801122985502666,-73.8659494224033,31.601058556337566
40.7963029101543,-73.8545082359344,40.14981427418352
40.8007911242541,-73.85405080530872,57.204664652035916
40.78499620615969,-73.84704072810116,43.76917656670543
40.78904379979728,-73.84306283973909,41.59557898978227
40.78535245207696,-73.83131669791463,56.10056406537296
40.7883851766814,-73.83221918426966,46.14916330373977
40.7961520595213,-73.84342756262598,29.8410154139668
40.800376543241065,-73.84214767572051,48.57782504150812
40.795089346930126,-73.83165394389812,62.16768707877513
40.799550492831635,-73.83376279605214,29.450839990403544
40.80607489805657,-73.86559812215388,37.22425237560917
40.810830014567706,-73.8676688581676,65.97046687883982
40.80541292175805,-73.85810635531102,52.72682210568601
40.810760015683385,-73.85786184094779,49.82062250411362
40.817376146072235,-73.86578893367872,38.99465506880648
40.821080465338596,-73.86900200471028,42.59949480184977
40.81609213981364,-73.8549817411788,52.28269952304872
40.82180501051431,-73.85613060942296,56.5335560586163
40.8064992420394,-73.84341228823669,52.865314096388836
40.8124051043659,-73.84280268256653,56.67809478631948
40.804957066049205,-73.83183800531334,50.117964018902875
40.810646822552776,-73.8356725091946,19.58174973556477
40.81828126864947,-73.84541132846226,41.0929780239268
40.82360904627386,-73.84245674152208,43.25997633451309
40.81817564279291,-73.83429257778634,80.752741662254
40.823208894096496,-73.83627182154646,48.08795005583527
40.82881356446913,-73.95668865009648,160.3030272751831
40.83334122199192,-73.95284892440964,166.06995160872432
40.82850585017187,-73.94499033178157,177.46377201757736
40.83257155540733,-73.94427402117748,168.07820876568988
40.83809788708551,-73.9554813080291,175.33124271638675
40.84441269835077,-73.95702879557517,163.3886494817458
40.839680994523434,-73.94392434675729,171.5371921553213
40.84523855153461,-73.94210043744197,161.89395143593984
40.82803596699801,-73.93398273398225,161.0735950104956
40.8324814656186,-73.93001781433895,165.63155776715251
40.82731761295618,-73.92141803593424,169.64103082322453
40.833689647154436,-73.9230744525327,154.54949193695694
40.8384584791399,-73.93044236198901,158.541053222728
40.84534304152376,-73.93101587744462,153.56427346161013
40.83939045935042,-73.92224238149404,157.8306224382794
40.84351627024394,-73.92347470392971,156.7799072887595
40.84880648125198,-73.95414621751647,180.30403190509293
40.85577923123082,-73.95249644241346,176.1653675572064
40.8489021882545,-73.94231634555022,156.14489935600733
40.85662532004351,-73.94590913208536,163.33867164316146
40.86007427522466,-73.95454724749413,161.49082096498745
40.8658276051555,-73.95468218044573,179.18244999212374
40.8606947442767,-73.94214441424892,168.5939665679203
40.8658871874636,-73.94110666456444,159.59815412969436
40.849914928755254,-73.93117189696969,169.86007164750632
40.854919937715835,-73.93025208957576,165.79185214999353
40.850313309016265,-73.92245858575302,178.37123509809874
40.85594864310847,-73.92412334166279,182.4084443278975
40.86221755429287,-73.93131290799568,163.48310236084086
40.86573561639157,-73.93407593245861,173.60145738894477
40.86052784787878,-73.92370473200327,152.87982936462845
40.86715119014855,-73.92342316920484,168.97980167051082
40.73869450933346,-73.99995544864106,248.3668424739863
40.745573119618385,-73.99823723079275,232.26398429309953
40.73897939729326,-73.9887016282471,244.7990354292717
40.7467085799348,-73.98717651768095,238.7601297406044
40.75028397872325,-73.99646435152212,229.41111623854093
40.755671650130836,-74.00064178350505,239.59265665015687
40.75180777560423,-73.98950496766682,231.65197209318345
40.75699602746538,-73.98983522986312,231.3687778952246
40.74141438852157,-73.97731936295877,243.11759798403253
40.74604772814932,-73.97836274926807,227.88206836048803
40.74055799646733,-73.96392208010579,235.85551985730112
40.74669460649762,-73.96484968102013,230.18494610489677
40.75101677811849,-73.97892492362934,251.41742853900348
40.757205075822434,-73.97859263448703,228.26215422391144
40.7502985672973,-73.96410998947741,233.6313875201926
40.75608755823634,-73.96354482217768,225.96415476153658
40.7611456320787,-73.99862080503407,219.25646303216556
40.767130416121795,-73.99750171591818,219.5461591176546
40.76104097276463,-73.98663091111204,218.42830489911913
40.76669503948154,-73.9877484775282,228.84409832753443
40.77317631026699,-74.0002067765227,226.1313660157387
40.77867048013711,-74.00025008396065,223.7499163346974
40.77283438194634,-73.98717114056392,244.90644203561374
40.7778445190697,-73.98516200974828,214.87688481815292
40.76201754251276,-73.97482956815676,229.18916681401555
40.76687228213016,-73.97463102640809,219.73492783881875
40.76253006235199,-73.9668027710311,234.10603642629803
40.76840339868256,-73.96635672903129,230.2528465975225
40.771963499966446,-73.97785383152957,235.00902791789923
40.77984686146327,-73.97421522536018,214.45560191325666
40.7739087656427,-73.96555964592676,245.22813333429045
40.77959770054795,-73.96622725196644,231.4121308883773
40.74095705948912,-73.95462515354261,252.72499933592854
40.74508334227927,-73.95436946353945,246.1743989043869
40.740350126517974,-73.94188393863126,233.42001566979508
40.74611843290177,-73.94556021834924,258.1670767488807
40.75220719065472,-73.95612525812793,255.0752895943222
40.75580120804018,-73.95344258608003,254.23103119219977
40.751871500426105,-73.94306682434228,249.9786420247416
40.75556034558015,-73.94320032096383,245.8993133993427
40.73886602190069,-73.93509136101099,255.34833415315063
40.745922844503866,-73.9307122102424,235.64514080997577
40.74073329587148,-73.92291324832675,251.12282690796394
40.746194731226026,-73.92369891672502,246.67239178108193
40.750209526030865,-73.93319552727264,227.45075589943954
40.75746002811652,-73.93504710888173,237.58774784084196
40.75136800213873,-73.9222754600408,263.2229026150125
40.75727792465087,-73.92185204247855,263.43231349360747
40.76125956054548,-73.95184185418361,256.25317679146644
40.768599482026474,-73.9542994240743,251.55716151008724
40.76097237901178,-73.94147294663613,249.4302068909914
40.76717904701087,-73.94555237998638,242.5276386724775
40.7719012650019,-73.95551385794938,260.5603078884385
40.77835042883128,-73.95224816766124,249.2821287603494
40.77191050183892,-73.94094538037945,251.67387889905865
40.77904480449427,-73.94105614487388,261.63110780421414
40.76079421169013,-73.9344892193141,227.9810709796182
40.767443318739495,-73.93390932675828,244.92089732957893
40.761532331887416,-73.9212687856425,257.88795835761306
40.76833601579878,-73.92400460843099,257.3846822930223
40.772594320024176,-73.93397688126268,260.4270978916432
40.77902264767117,-73.9341190714371,233.98563416230047
40.77435862798092,-73.92261757933144,245.14609318480709
40.77982562109517,-73.91954788965253,240.9443478696631
40.78351847648931,-74.00016222100702,208.87987057456417
40.78968493115846,-73.99587599012631,220.83064343118775
40.78446913619395,-73.9866159359731,208.68909433298742
40.79075941286615,-73.98804301704438,178.85694231473067
40.7947579607519,-73.99786768438751,215.97143377785295
40.80149081735867,-73.99730432988848,215.7930026550811
40.79546951399317,-73.98743118698431,222.87107760027686
40.800036079831685,-73.98575765192406,220.78393838101474
40.782789836212835,-73.97800903022076,223.61178475731316
40.789128325456524,-73.97447527356009,218.1492451667378
40.78349582189456,-73.96748022298169,240.2909487149043
40.78971503921833,-73.96700548525112,220.6556200195704
40.79515484372074,-73.97907797197647,199.8372710559231
40.799674932613385,-73.97787598728516,226.67227172982507
40.79586849722589,-73.96491170278784,209.12202547170844
40.79939399962882,-73.96466036756597,206.65066311510145
40.80645782455364,-73.9983679434427,231.24784573553583
40.810779497201814,-74.00005177707557,212.43110183302076
40.80503895493873,-73.98628513954223,222.41930747806023
40.810606785718115,-73.98847436897105,224.8739932336783
40.81612602090755,-73.99749605396961,220.99455584038554
40.823595393998325,-73.99908258215449,193.37580374644514
40.81583571294939,-73.98912517459277,214.1262719235261
40.82137003919989,-73.9898768748754,222.42926127981943
40.80471629362265,-73.97754838182034,238.84939828763044
40.810595080993274,-73.97382664124652,214.7144385963288
40.805734336575206,-73.96749881248803,211.9526453229176
40.81222936573168,-73.96457899012604,227.2082500663564
40.81757405675649,-73.97568418722598,218.2097890039304
40.82250291164133,-73.97573312097845,215.8140592840504
40.81581438657433,-73.96629904066278,214.26581802368852
40.823365257498,-73.96420388594296,228.67179429636295
40.78316676239383,-73.95228323646941,150.81099635669167
40.790789636220396,-73.95500148071856,139.07436212757335
40.78372380979738,-73.94501514499864,130.53822310633203
40.788853224142464,-73.94332464008572,133.83854261774283
40.794867888744555,-73.95641216381637,144.75769633965126
40.80174564411417,-73.95271383853846,128.95240582487475
40.794620525486344,-73.94584711231481,134.85682270370353
40.80015120472349,-73.94178461667563,144.2362250343818
40.78359755637828,-73.93199445428984,149.9054879528407
40.789278733889994,-73.9329362136595,144.14088495642852
40.78359954221996,-73.92401290707164,125.85810385456686
40.79075255539396,-73.92053473855788,114.13016753487084
40.79534013022436,-73.93278145036102,123.82025083059132
40.80113124013993,-73.93408058414437,140.07745485673766
40.79390602643755,-73.91987160962906,149.40423056993126
40.79986729162338,-73.92408729554828,128.66785111949332
40.80567609830455,-73.9535454941785,138.16821899958882
40.81196230719328,-73.95223895082319,154.16930865336747
40.80705031595,-73.94383536078966,144.94967944714787
40.81023321102551,-73.94137765700314,153.96268359110232
40.817338774331546,-73.95366006926307,138.38760376020286
40.821505115769746,-73.95489707848269,162.84636447268227
40.817380759500544,-73.94455412818027,125.1500675718589
40.822914602856585,-73.94521128953122,143.10978201652412
40.80497162881433,-73.93009594526931,148.1472704840332
40.81036085167298,-73.93105275646239,161.94776669145932
40.805141873215895,-73.92193523600771,144.9977827825099
40.81214721656811,-73.92138107040537,138.8662419036524
40.81761007961508,-73.93340272672671,136.58220658278526
40.82165018731508,-73.93449802064606,143.79089718694883
40.81607477926417,-73.92171739776836,151.4191869001183
40.82138077727234,-73.91966304367408,143.37929591546225
40.69568508528247,-74.03970070034177,78.63034617049244
40.70237007816314,-74.04481745407784,64.80327931385558
40.69612717167316,-74.03148401314326,66.13223421529784
40.70050523710034,-74.03238673984134,58.69391955663275
40.70598151987422,-74.0413928156975,59.978447384383806
40.7120275293673,-74.04429800186699,75.18770775955865
40.706200574030696,-74.03084493486149,40.588678121878786
40.71193876005851,-74.03160133652581,52.87934081659795
40.69625222372038,-74.01980732373063,69.17391862671222
40.70136960356535,-74.02114094822657,75.24366371167355
40.694804459862475,-74.00698580911423,50.63090571382866
40.700294000531024,-74.00885045564193,61.616108643829854
40.70616629117922,-74.02021830811998,73.10072743506953
40.71341641990437,-74.01799553287309,34.668909598259994
40.70689760520186,-74.00688798504059,73.43303841085222
40.71380229505989,-74.00992175102311,63.28538425886654
40.71867242834063,-74.04180858001402,66.88252920978407
40.722804583086074,-74.04175264526599,47.40461944906786
40.71902782297784,-74.03257034307813,72.47507726098617
40.72264048277093,-74.03237661814559,64.14570805312677
40.728733820289015,-74.04067003442132,63.78159983025286
40.7351823511759,-74.04386787953749,68.86787309562746
40.729319858573525,-74.0290773629166,63.92760196704262
40.73582249503988,-74.0294731516734,68.23446269321241
40.7180465332373,-74.01768638369654,48.15028608654379
40.723239476510486,-74.01939817523998,65.43104513307438
40.71878110261318,-74.00799503319158,72.23183328211823
40.7228570055085,-74.00732238341736,55.49645585556641
40.72793106991712,-74.02292150126107,50.54708689401109
40.734151114090544,-74.01877073514619,66.13231845324577
40.72907239347206,-74.01112122521432,50.70543630712027
40.73369084671887,-74.00916793851533,56.4097970159266
40.696205688945085,-73.99628293980798,278.85986579861736
40.70234877196943,-73.99782605678527,259.0286914104763
40.69742382494561,-73.98595510126052,276.336927500843
40.70120277951168,-73.98871151130783,259.93108447346435
40.70713589069314,-73.99930887395024,253.95155315267647
40.712801100992905,-74.00108524418727,269.4145858538161
40.706945228993305,-73.9882619967084,280.4794973223767
40.711527972142754,-73.98624175055348,262.41722421425305
40.695176240570476,-73.9776084993587,267.9350087015804
40.70290877665224,-73.9739374106123,259.650608725615
40.69507680136819,-73.96430612430422,260.8045839009559
40.70074850783474,-73.96539561190477,273.6310088016951
40.70604299347162,-73.97879899965288,255.62934002324914
40.71362877580669,-73.973694489287,270.48215514960214
40.70751931107264,-73.96610319157809,261.64474790957223
40.7116176260371,-73.96665602687753,273.4901423199475
40.71780146662774,-73.99903272768819,273.201006017474
40.72392353748756,-73.99765580303615,270.64325296768294
40.71815251010768,-73.9881104740423,272.0254708731556
40.72407119356342,-73.98561478202697,265.76373651351935
40.729455203662546,-73.99988108298326,252.64020577794204
40.73360810807235,-73.99641127093483,261.7634075677546
40.72976897188636,-73.98972342629541,276.38506907514534
40.73492959080228,-73.98958929178772,249.79456936720902
40.718661892213696,-73.9757944755712,275.6520696016958
40.722735119476475,-73.97399023765094,255.40773128738076
40.71859648903828,-73.96733242802667,255.43575498038072
40.72249836059101,-73.9668623651339,252.30933914296162
40.72859073320156,-73.97526525060273,267.0208382267217
40.73586819129114,-73.97605643690594,267.25622152086925
40.72837287715688,-73.96428360658739,263.8046461739009
40.734408256141194,-73.96478975805742,267.2478614714942
40.74111913785769,-74.04233441478961,131.46055396028856
40.7450102171404,-74.0427483258857,139.30417321853753
40.739579478189164,-74.03061220657102,117.0348395479072
40.744855165451,-74.03196272142885,147.49611602350296
40.751002800034065,-74.04401550891704,135.99746393336764
40.755267761032144,-74.04448448817372,115.70544192510366
40.750951243811166,-74.02905756525004,139.45277797569784
40.75772078843713,-74.03036133918026,135.9006832450117
40.73935864170219,-74.0211506123432,125.91664141302141
40.74477322344961,-74.019799629331,132.16623478639298
40.74083832704898,-74.01177037343474,149.86792916999676
40.744638825557956,-74.00956129640873,141.059360296352
40.74989043927539,-74.0230529105464,134.70026118209336
40.756138781218446,-74.01989635980277,118.23425923069252
40.751422413903654,-74.00793210372683,127.32865569561385
40.757190033447436,-74.00690683817986,126.63712305072332
40.76086788591177,-74.03985449308512,134.40876795850815
40.76795488686141,-74.04044375741707,129.36073161235754
40.76252727370219,-74.03211945439004,131.56721476070533
40.76655522101042,-74.03181955749322,131.1313021735838
40.77388380909582,-74.04116665368154,145.47380815450273
40.77787693093998,-74.04488429977434,135.32097204735132
40.773225479535085,-74.03080228012993,141.84145726172605
40.77787104745551,-74.02870858354025,98.63034819197193
40.763050885629625,-74.02171406194547,127.21808787531302
40.76694011398462,-74.01803451695609,131.26471055879426
40.7627288014857,-74.00803394661116,128.0338520896401
40.76849567841074,-74.01002535608679,136.79639422226563
40.77291278216309,-74.02278634248329,141.61716638965356
40.77793890738219,-74.02285777678576,147.8897229975109
40.77370641247306,-74.00831198708062,127.03045660626299
40.77749760415058,-74.01040428319816,139.2428953373762
40.82881477857004,-73.91014627134479,237.0787351100028
40.833613508836734,-73.90962864846556,231.88568327060952
40.82827859961927,-73.89970760716176,234.60229123440064
40.832340492963674,-73.89936062336915,241.3297726825361
40.8380106962336,-73.90866457743465,257.37343622900767
40.84366589694319,-73.91194744549051,243.8012345059435
40.84002135642269,-73.89727359239609,240.80319342166013
40.8451973126235,-73.901139299048,234.8306441197642
40.82837323776119,-73.88822087466203,248.36772351215092
40.8341155841814,-73.88680109324699,242.88333010374888
40.828079860715576,-73.88002671624756,243.68018877705515
40.833327485619236,-73.87943614322751,250.82240011285623
40.83915315950615,-73.88773360421786,246.1009157390603
40.84551810237239,-73.88916691802378,235.74055860282616
40.83940817161164,-73.8764251648708,243.3153411525669
40.84561372123332,-73.87880103146152,240.54169541029077
40.84880897429569,-73.91292449801325,229.22503898031027
40.8546677995046,-73.91211724143824,242.7236569290285
40.84866350157816,-73.90135272084073,265.93613144237816
40.85518727938607,-73.89828245837,240.65774668101636
40.8601588887016,-73.9122950480265,251.69993885355345
40.86524016982513,-73.90823215622311,237.51515534636385
40.86147315988022,-73.90089511762561,232.539138556262
40.86594099738,-73.89851251643557,244.58705746605074
40.85028410146198,-73.88914060030443,243.1015411547806
40.856136904080635,-73.88663326356895,252.79392412182898
40.85108508302153,-73.87639834722991,246.3637641908825
40.85634640682153,-73.87811557564304,242.07315844447913
40.86202724941149,-73.88836862548895,254.67036204561785
40.865152018981924,-73.88828763671634,235.12253321473943
40.860720908562584,-73.87542055969179,224.42915617730233
40.866212833827596,-73.87949568051899,242.59691811707148
40.82693536123089,-73.86895807280641,290.7196984946452
40.83323085110048,-73.86538308637431,277.20140147949485
40.82690250403631,-73.8556277960291,278.653621311769
40.834613995002975,-73.85503753913353,260.97336992524794
40.83900122508063,-73.86897724744968,272.30225841244504
40.84322736469015,-73.86544325648046,277.6506990638615
40.83919232136406,-73.85432166305831,276.21011136821323
40.84435372823038,-73.8560139175081,256.9984177958215
40.827071821574734,-73.84551670987186,272.5595718050751
40.83285313920925,-73.84445569625507,275.29796883738226
40.82826707829626,-73.8318466364037,269.800345535136
40.83331877958326,-73.83266540982724,271.39767413428666
40.840258294889516,-73.8467738055251,267.6522997844252
40.84555854097727,-73.84276335420232,278.59485249948284
40.83995857659559,-73.8328322734044,271.0520411581057
40.84542214049974,-73.83562849987877,277.319954389619
40.849836819585725,-73.86563811236886,251.48817434385626
40.85514665153262,-73.86474858180262,257.27643705083517
40.85047702638028,-73.85603225202024,287.3993922742705
40.85423658764909,-73.85706013149849,282.36891588734085
40.860608434251446,-73.86444656927137,263.0759071888675
40.86711773835338,-73.86616200122008,278.47999407889955
40.86124600244326,-73.8561125805597,267.6185540300185
40.86521677687442,-73.85490864371215,266.551273458999
40.85126499484125,-73.84636731015654,292.03950513214744
40.855955387890894,-73.8443975043181,291.6210332945171
40.84963278575902,-73.83409791366695,285.3054364136852
40.8541685869221,-73.83476145709906,271.3286548808788
40.861158065862604,-73.84571208135844,260.93523115623015
40.865471632423535,-73.84219084901427,275.6057807553493
40.85976745803302,-73.83479109591495,281.0036115801009
40.865927761936724,-73.8339532608065,254.56959729933016
40.78295753328309,-73.91274357608447,140.58176269575154
40.78897421157636,-73.91127551164978,149.71642054641478
40.783179584265106,-73.90077374970012,155.75501986511568
40.789230564362775,-73.90124009164,152.27990172709335
40.79393211725552,-73.91302968981212,117.23089949169002
40.801545017504715,-73.91163950831937,136.47911719762246
40.794727537182354,-73.89830952248,151.15871749020127
40.800386981745085,-73.90175702461178,145.83844658571195
40.78306378083029,-73.88962473378533,140.64362381961212
40.789526113700575,-73.88935305238448,136.11423051773974
40.784335217984555,-73.87482036302478,126.27592517367576
40.78888363179545,-73.8797435769275,144.09718864941695
40.79421576074134,-73.88807586775899,134.2062185813181
40.80041138683996,-73.88744548844495,143.44749641428626
40.794416986330646,-73.87633871236301,137.12869285516118
40.7999804341047,-73.87782245149603,148.36919357515043
40.805021466338964,-73.90945828676399,155.59840613536326
40.811139023398184,-73.91015655337078,142.74341353745717
40.806761432981325,-73.897933903417,146.9061676597911
40.810651484473965,-73.89701136696509,142.27870213022848
40.81755388613338,-73.90940701787359,149.39936481995946
40.823179614072444,-73.90899437316386,129.1515530317725
40.81684334341038,-73.90174319045376,130.51839279924104
40.823442289494054,-73.89863296594721,151.9806507655082
40.806576144453835,-73.88729503937249,137.6225407006222
40.81146991208258,-73.88942114161254,145.68766960107024
40.80548850471262,-73.87621109932913,159.0603069515511
40.81013838017613,-73.87493901244495,146.22081287475743
40.81663140680427,-73.89055325964011,138.07420837844748
40.82325485856307,-73.8859451798773,139.28629581929698
40.81747959505105,-73.87740131692729,135.5009916930994
40.82156461304946,-73.87574912484332,150.2397724935078
40.78402340828705,-73.8681407937273,50.35876788481454
40.78961273521781,-73.86656837123677,46.95245355256913
40.78326750632669,-73.85683821943088,41.92165212742504
40.788759357384684,-73.8560201181727,66.14421672582543
40.79403121402589,-73.86697296393348,41.082179114974146
40.799170006957134,-73.86463469435931,55.697192001011686
40.7957016253944,-73.85813950308885,37.47237604153583
40.800697075783596,-73.85829265296472,51.34470077320696
40.783790481837656,-73.84234307181916,44.41234710721132
40.789184707702546,-73.84670790587401,38.67320579605501
40.78405637529079,-73.83586357489777,40.56867948929248
40.788732051170435,-73.83146710745768,55.144216212071505
40.79609987876791,-73.84250828497176,33.53797809358704
40.800789088197995,-73.84670681274986,58.669272354136936
40.79427154249447,-73.83193794461052,46.51004913308891
40.80109367699432,-73.83312190852709,50.74518827287723
40.80676364305068,-73.86416074817934,30.716818491776653
40.81219534907018,-73.86732486140104,57.9827020091447
40.80467921828345,-73.85381978127977,35.709509816824244
40.81115630324466,-73.85756927977665,34.31189561024198
40.816908780159096,-73.86554656073173,63.41513133639219
40.82194444358806,-73.86610873979603,42.56778258193282
40.817175837685554,-73.85290455158267,20.49075830719734
40.82232406634978,-73.853165362099,48.11353274114568
40.80512684811641,-73.84587172851461,35.935561968280666
40.81249451360935,-73.84532401874065,52.97656562142399
40.805068419952356,-73.83251605519547,44.74628279414771
40.81040074161117,-73.83193801118055,30.714267709540557
40.8178901209653,-73.8460683751617,44.80016897309532
40.82284725868446,-73.8470616361028,46.32515430715667
40.81683044478438,-73.83562919980423,33.72485803367845
40.82320600519523,-73.83448691586298,33.66117395459388
40.82774465184277,-73.95480224092982,142.929738585439
40.83239260141671,-73.9547201041077,189.93940228733965
40.82728852029959,-73.9408778927268,157.31455522910386
40.832495679223314,-73.94357611051208,164.4614690756714
40.83894058596782,-73.95640732532988,168.40195619047245
40.8450832003395,-73.95634615256068,170.53116664436047
40.8391792722644,-73.94384833314997,164.35707375539064
40.843107086959584,-73.94196586973078,174.0644122661225
40.827954191832326,-73.93232334585237,172.06730304633652
40.83384020012139,-73.93320885634341,166.42281418911213
40.82795490672741,-73.9216255292146,170.76222610116633
40.833741292085044,-73.92063676916707,170.48911839536413
40.839835843725595,-73.93316966946038,146.70085811314374
40.84544057228753,-73.934955600243,165.20902675010979
40.83862721479854,-73.92118821337216,157.9984214062125
40.845586812854926,-73.92319247563435,171.3946903614725
40.849290813477296,-73.95339180341753,170.28174518150237
40.85594044083764,-73.95453833690125,176.79664502720794
40.850515849757684,-73.94532990380132,160.2313787334587
40.85620382809368,-73.94437417103664,155.13673007395147
40.860159591737045,-73.95631832518805,181.1955842075614
40.86666054058914,-73.95212102022148,167.308363190316
40.86080857176488,-73.9427586340778,165.71842613239235
40.865722395385255,-73.94528886350987,151.78211808541906
40.84904673243816,-73.93292337993219,156.33241411787384
40.85502400291111,-73.93269806505167,148.85633490850245
40.85002626230514,-73.9240558738533,187.79295414263328
40.85627129399173,-73.92226618978502,165.88656590414564
40.85972306304536,-73.9310629216089,138.03611041033878
40.8666029548468,-73.93043906872381,166.34820619100512
40.86115145195652,-73.9236968335808,177.38623399954128
40.86746092194084,-73.92125901117541,148.3098784761899
40.74058884568375,-73.99854865929595,225.0225739473315
40.746432445706496,-73.99815643988524,223.97327424400507
40.738690070935625,-73.98919899859102,221.56783646767582
40.74637356522602,-73.98610373510287,230.06812192260168
40.75050424573109,-73.99883530145625,234.37905924989974
40.756138120410874,-73.99733149007548,226.86698796946294
40.74978565547431,-73.9895791209831,230.25074722340028
40.75750500375852,-73.98518890770104,237.279218487718
40.738862705433995,-73.97543818115028,230.22178038079
40.74535888850984,-73.97812896175232,226.6878104281334
40.73956187500353,-73.96332506574768,235.68081760910383
40.74682396420661,-73.96757084306856,228.22884776647038
40.75097887330697,-73.97643434096275,234.59211756758222
40.7566504713377,-73.97371543347175,224.71086710638744
40.75116585473562,-73.96685256399559,244.88048597562266
40.75715612857301,-73.96393850855455,250.8432536526259
40.760732042572954,-73.99957323983625,228.61833776539498
40.76838793350069,-73.99861038493997,234.49803879435532
40.761786620408216,-73.98959859055064,212.68980973203108
40.7674534683916,-73.98594475508189,243.67348392441468
40.77258329832262,-73.99678032168862,249.01557164346102
40.77835952704263,-73.99819030181223,241.81653921401508
40.7723202033638,-73.98655444417817,220.01683500247546
40.779227650345156,-73.98698839620796,223.54461005817566
40.76081303482108,-73.97547979673774,244.6926494934971
40.76808491294706,-73.97724558001933,223.28053325398454
40.76300564948683,-73.96316495052066,235.22428075728166
40.76780606361605,-73.96523687392518,211.0946042631876
40.772969930565445,-73.97604816526191,232.7675505298989
40.77780463617875,-73.97679209751678,228.46756317468115
40.77187229146128,-73.96384003590084,250.16370652702565
40.77953629465821,-73.96611779071134,246.89608117614893
40.740619543692695,-73.95500072035097,254.65553249521753
40.746492417583056,-73.95221203073339,246.14284589991314
40.7404466492009,-73.94333076549717,256.6857030175702
40.746043493448795,-73.94594651155697,253.88764737825161
40.751019201769154,-73.95526673005065,249.45930456927172
40.757216233025225,-73.9530796285782,248.6121600155783
40.752258104890394,-73.94096875270425,253.47944534393048
40.7559841525757,-73.94156824850296,257.5003791030875
40.74089095465488,-73.93404251237526,257.19674640608156
40.74627528641998,-73.93049285334295,269.80637999565096
40.74047199072201,-73.91919419191497,259.97819756967345
40.74477770334555,-73.92249086708945,248.1943799415623
40.75026667196308,-73.93172164516662,258.981510087216
40.755624560498745,-73.93175832830515,265.9196209914813
40.7498335950654,-73.92290160128756,246.73678412784193
40.757488554996144,-73.91885061261544,265.57984441177103
40.761007315094886,-73.95237809986024,240.98854931407294
40.767203769063364,-73.95637384785338,285.1906396324584
40.76120581485199,-73.94510211753382,258.72638755252603
40.76790076572837,-73.94278218367981,257.2367318930536
40.77420621484685,-73.95525173998796,249.83879919613204
40.77841434527622,-73.95288926621384,251.0623748713097
40.77345246408327,-73.94252258301591,264.6803991776606
40.77986094226128,-73.94529629862441,263.9480280804106
40.76240871268594,-73.9335370833958,264.73711208299767
40.768665363498215,-73.93381809325115,256.4773216910452
40.76194847570276,-73.92147915935143,234.1176154781451
40.766909807377026,-73.9233562403557,257.46842178847
40.77192286944225,-73.93041207386977,258.8596741941306
40.77869827346777,-73.93213592791443,256.025691969932
40.77290259142671,-73.91919690859561,252.66092764217746
40.778668769679804,-73.91928228945018,239.55076142845303
40.78469073771606,-74.00057403347562,209.51605301035548
40.78846555533764,-74.00011434704099,216.39650200128366
40.78466733479057,-73.98597183241151,210.65327350897763
40.790181359793976,-73.98611299082445,213.98291273210674
40.79520076269176,-73.99830946142139,234.9969480408905
40.79961741055841,-73.99752500357525,218.92173612484905
40.79480015076705,-73.98747708083704,218.6176292024929
40.80163508994332,-73.98558757717396,212.75945299389346
40.7832834260159,-73.97761721507746,204.44837023367015
40.789522237099185,-73.97504015387544,210.14361320013194
40.78366931547549,-73.96598517656304,223.74521885262052
40.78967276070091,-73.96804414532853,203.71888803168898
40.79386729860229,-73.97839747488571,227.17843339742035
40.79968105981543,-73.97419049926292,195.91555356500376
40.79580549296685,-73.96442682259776,210.03208754056706
40.79924981673764,-73.9649692364824,212.99499458194205
40.80487121277988,-73.99698534985987,208.390407672655
40.81205981753481,-73.99872618519885,198.05938440801685
40.80550283986516,-73.98842038066121,224.28187970473527
40.81170464591546,-73.9849692207237,200.90170853097996
40.81570669322496,-73.99914669132164,228.98779819197662
40.82318932824813,-73.99719488401904,238.8691934670964
40.81619579507757,-73.98516868478393,215.4127682723773
40.822826192564854,-73.98618363164152,236.34860618583144
40.804680254800516,-73.9745372131244,217.39721018629638
40.81237571124774,-73.97570221007149,213.47129685136306
40.80594204157032,-73.96642981926898,214.722997033276
40.81235469170382,-73.96714304198599,200.47016506239075
40.816764910579856,-73.9782619676765,227.32969895923313
40.822058699059006,-73.9760397319227,214.75424183361983
40.81600030852026,-73.96780739742852,216.1794136484996
40.82286686123403,-73.96584966329613,211.98412548828085
40.78418058269539,-73.95323284173682,141.8882575870874
40.79026904704282,-73.95206611985327,142.36593157244184
40.78300915812216,-73.94355025067469,129.560010256366
40.78873010646032,-73.9459901278374,129.53280526757908
40.796053491714176,-73.95220340614814,134.80337724029306
40.79919058804584,-73.9548066341665,133.75332760462518
40.79479829777901,-73.94367241016957,139.37575748325347
40.80094164610904,-73.94514764015508,131.02881308887063
40.78365879379637,-73.93127921781984,149.39892534836548
40.78845858927949,-73.9321635692706,146.34513039400585
40.7839695815172,-73.92164744178868,135.2954294105797
40.79038506795479,-73.92358049180656,143.42289388196417
40.7948393491153,-73.93438063995558,118.59672536560618
40.79921017188747,-73.93100328341357,162.47018390739834
40.795987789643384,-73.91929738369002,135.50836101905193
40.79943403723282,-73.92062701310024,138.24909479497737
40.805390749001155,-73.95491700293633,132.53531783389187
40.81110299679398,-73.95333244702896,141.53517160231053
40.80709165400259,-73.94600077806162,136.98020519812155
40.81211123456514,-73.94363687298025,140.8320330484344
40.8156244109883,-73.95588328658798,134.4131087745892
40.8212737514981,-73.95203546529375,144.5355857782774
40.817133548220774,-73.94456689694327,141.64607842241196
40.822018724524646,-73.9439666734996,141.18983796765534
40.8061910853033,-73.93252448373903,120.73916556138525
40.81249408327544,-73.93052010798594,143.38894870066346
40.80671863821362,-73.91880189789738,143.25256209966685
40.81037850538124,-73.9207540092651,143.2352542042553
40.81630401139722,-73.93176768586228,134.91727915228145
40.8223972727859,-73.93023274447437,120.271940189473
40.8178417618443,-73.91966787060427,152.99857383992747
40.821511036623804,-73.91964116948334,142.93561051965983
40.695248168422566,-74.0421528003299,59.887498685664994
40.70266524180923,-74.04212613593585,60.431006177891604
40.695954185108505,-74.03126807939519,56.560193028932424
40.701199685038375,-74.03161418850657,58.34044014281324
40.706909563655294,-74.0405423028798,64.0972648055627
40.71136393593987,-74.04297781082283,61.09875003512197
40.70581179869997,-74.02999475342997,64.03407439461304
40.713916085398445,-74.03161785340048,73.51269738150434
40.696992149572175,-74.02167482317171,61.55031978451659
40.702701811050744,-74.01782545354969,61.27098453519926
40.69509376448778,-74.0075475614711,56.556800017661836
40.70095863247164,-74.0095166307839,43.967908368746016
40.70698378695612,-74.0181239167381,59.04281862133341
40.71129543870483,-74.01769901754884,69.36096813968935
40.70792784984181,-74.00849671608644,64.72885796610208
40.713331931990595,-74.0089856070832,62.35255501857082
40.718050480175265,-74.04003980405673,61.186676571690356
40.722539652518975,-74.04079578766546,58.04929723687576
40.7173265079826,-74.03397034689883,56.364746098151834
40.72257418620118,-74.0314764929235,75.14777356350776
40.729156257560774,-74.04457885986847,73.22523748040163
40.73559698604382,-74.04188477312147,52.18670335103695
40.727844562759394,-74.03055029509673,68.37973623243992
40.73534185195109,-74.0297529150085,68.87855081469051
40.71917787307437,-74.0179405860445,60.557647442924434
40.72297899215925,-74.01943005687453,91.7513173814657
40.718419312782714,-74.0113116633616,73.05438062707813
40.72314687669686,-74.00744002092533,54.03970377198427
40.729688630513216,-74.01974706131932,86.68618449548066
40.73422331492052,-74.02182882148449,55.535112153030845
40.72938923467029,-74.01139511106305,69.74872291723219
40.735630654781126,-74.01092103725604,55.817190072300725
40.69569536527339,-73.99739106739358,285.75475103858446
40.701805667565935,-74.00084288168127,295.3917110234672
40.69701501968665,-73.98647217271998,255.69107645166613
40.70276819067646,-73.98686355843932,251.09630738949062
40.70729372292473,-73.99663303542034,256.67694684661205
40.71278841501001,-73.99735404404373,266.1887232551518
40.70627842939442,-73.98817539014478,267.73445543654265
40.71297660162923,-73.98659409391459,254.94877132091366
40.69572684921749,-73.97465362594161,244.03499165057994
40.70092207823786,-73.97614489353603,280.5416992867957
40.695326935717,-73.96719388212836,254.5408103556506
40.700583135173545,-73.96315765130922,274.0870361053077
40.70699452052793,-73.97739372573464,259.6656029553482
40.712066909109495,-73.97484620455508,258.6197361231993
40.706534727425456,-73.967792481458,271.9868115316595
40.71275943350077,-73.96493908149745,272.65214790733575
40.716861980571174,-73.99727907068981,261.9478127664694
40.72344593219156,-73.99635797778677,241.1641064525474
40.7185871161629,-73.98877888581663,267.34453075206613
40.72296679821954,-73.98675665251338,248.7680727330527
40.7291522664905,-73.9968338842808,261.91379158590206
40.73331759851191,-73.99838660585276,250.17770757200265
40.72797333518468,-73.98481610739184,274.6042907632698
40.73366500178803,-73.9872482327406,256.28910816888197
40.718078012778,-73.97616544293574,279.1406582274121
40.72485845997817,-73.97813781334493,262.0850085864
40.71831826398969,-73.96315710135649,260.1394806227609
40.72245662221769,-73.96608314859647,269.55776257550826
40.728553233366604,-73.97475867380918,266.2688190773671
40.73330999467912,-73.97540652667578,250.24572066008727
40.728786837375466,-73.96815382235951,263.33577638909827
40.735027190958505,-73.96635340460884,284.877936337747
40.73943421484904,-74.04383892299492,142.53338535921702
40.746906368613594,-74.04073292208109,126.0394701414804
40.739471198025505,-74.02999310420822,125.49213101193214
40.7455683464961,-74.03011654214447,129.60410824473465
40.74990803927395,-74.0410691862519,133.1100077315473
40.75556392604485,-74.04204975199657,126.06804187962321
40.751837369934485,-74.03161186093949,136.116649053905
40.75562241190031,-74.03280705487124,129.0687339377645
40.73997458583706,-74.02131643667329,135.4114090066184
40.7456082222729,-74.01873832999986,138.44171010514304
40.74125717294469,-74.01214034952075,136.78906522943663
40.74590891591264,-74.00721457788798,133.68272237829098
40.7508556004753,-74.02132583305826,144.81278319490124
40.755626552060704,-74.01960753853753,141.37438939379751
40.75225956859211,-74.00912207248777,134.5672302305006
40.75670446796662,-74.00983115576958,123.84979526523279
40.76086231699591,-74.04289902607104,128.66049168938503
40.767028215095735,-74.04256978620414,128.16439530050738
40.76113491691401,-74.02991315749144,115.16281985569032
40.76886966517447,-74.03005960793662,132.32331220617104
40.77415981920323,-74.04065544403994,118.46534269577816
40.77983803603861,-74.04164312818932,146.439591010128
40.771673752837025,-74.0294893293772,134.20186570217837
40.77736029755783,-74.02935750052791,136.9971180802646
40.762655088840106,-74.02190183834657,136.92722735368608
40.768516377454354,-74.01955968150094,124.03903909518895
40.76251939262092,-74.01049145675371,132.39549425293228
40.768668073159546,-74.010417993136,150.01621025369784
40.77271032866064,-74.01954104145624,116.68193119113599
40.77960226111863,-74.019011331918,141.30504122609784
40.77403693448668,-74.0096979355507,129.6732586997456
40.77955393124454,-74.01018837865966,122.42442313697941
40.82882400059536,-73.91271173753114,247.09193748095015
40.83224042701814,-73.91050839361512,239.89984011000655
40.82755451538568,-73.90077960831611,230.20995893257228
40.83336815513311,-73.89861188359868,247.02553199623793
40.838889242247596,-73.9085685203063,244.18530102824573
40.84543502384674,-73.91033613829087,230.80640881238332
40.83872776519123,-73.90105099247496,252.63929730901964
40.844615988964414,-73.90005275283417,238.5120353616611
40.82768916576325,-73.89071618633577,245.8490431896055
40.834722760553014,-73.88896370435305,249.83658223380303
40.82886581630165,-73.87624607575181,249.49565626184702
40.83475656558743,-73.87729885920187,242.35318084305842
40.83960446205446,-73.88973524264442,238.0432934388989
40.84306245585901,-73.88851415651996,247.3127947891616
40.83893995071767,-73.87989802902891,256.3177940571984
40.84388300719149,-73.87538672632161,247.62699898515547
40.848779338759854,-73.91094232561113,231.10052521849516
40.85443926000019,-73.90981518735232,241.45540902011533
40.851223470155546,-73.89915172678971,246.98583394697675
40.856500688403365,-73.90106753312507,247.2621851936887
40.86051644565762,-73.91175380694408,257.246945429933
40.86614851370071,-73.91140980790216,247.91671226982348
40.86157974176464,-73.89725314821663,219.12175485398666
40.8656920685893,-73.90083792377862,246.38685983726265
40.84987184057489,-73.88643015147548,232.1676775521411
40.85420673628092,-73.89039223414922,248.26675064543787
40.84960780399008,-73.87820203952812,230.6325427337148
40.85507624243925,-73.87700378706072,234.50169556976198
40.85997140524614,-73.88972028734538,242.2997148378545
40.86617600370063,-73.88962002175973,251.9109537024293
40.86163529379298,-73.87549837811406,237.20255767834936
40.86606777006678,-73.87988644361386,250.12780459697964
40.82845905707947,-73.86474123220403,291.4969671505633
40.833739668103426,-73.86921333503486,273.3088463131697
40.82820439215725,-73.85525317011506,278.5001860569896
40.833394787579216,-73.85768213487434,258.57304931091545
40.8391325490195,-73.86621826991258,263.46776865756937
40.84333417697168,-73.86518891817545,272.19294539957355
40.838162704316275,-73.85301698978105,275.22264770575686
40.845773015248376,-73.85320850254521,274.00309182653854
40.82777450031281,-73.84236728899508,277.1826539975842
40.8334160105211,-73.84664665938404,271.26490090684393
40.828388947985296,-73.83449438134309,280.77835832202913
40.833219846804916,-73.83349288170642,282.58827374168266
40.839864162547926,-73.84468854862216,279.1135510057154
40.844574819238574,-73.84292064358192,254.44648966497252
40.83952324141061,-73.83124214937389,266.1444947917666
40.84429766699425,-73.83450624412349,244.87484213997746
40.84868140773791,-73.86850790940346,268.9229015662664
40.85441213998693,-73.86604884161757,261.60656408739584
40.85095112817566,-73.85720527898837,253.55053243878635
40.85537238653403,-73.8541784831425,278.3035909627716
40.860841339885,-73.86433951828401,280.31035541842914
40.86755293903686,-73.8650227211799,257.59913204875164
40.86118022460168,-73.85729175222397,300.4452716091449
40.86574989574636,-73.85451744616294,269.22188466567434
40.84893645182775,-73.84200510368119,260.9455220879821
40.85618866140998,-73.84348763609157,260.6649340500011
40.848583270094394,-73.83502678867502,274.95906056574705
40.855881231000794,-73.83428566044871,293.012781341491
40.86022055708642,-73.84300371467621,291.79321168236584
40.865335899732756,-73.84187243844787,258.95639227557444
40.86099019839735,-73.8344485399293,280.97896801016435
40.86536134945307,-73.83619277872023,276.42360928588033
40.78529288857517,-73.90969024813077,144.39906025169745
40.789315316193914,-73.90916456586211,132.28813972063276
40.783449712115214,-73.90070552636905,139.05801480500912
40.79003258041675,-73.90218559240256,131.2890422902423
40.7954780926164,-73.91103742734343,129.8814645082026
40.80091133102766,-73.9092556249257,161.7848521804384
40.79504677232491,-73.90036634158147,149.50599173540806
40.80028773244651,-73.89845584792346,144.50921104263787
40.78357211966807,-73.89117761310686,167.32202383319898
40.78974040029109,-73.89051043576849,140.98024014278323
40.78473304018524,-73.87725244134212,145.16716268719424
40.79083797752746,-73.87497845257543,155.6879632475269
40.79626937365025,-73.89039297538432,124.27841883569857
40.79974964187928,-73.89098162084751,138.4739764767939
40.79614547468649,-73.87596570409679,161.6635841418959
40.80183099158822,-73.87575255698717,164.8314372439056
40.80550303827307,-73.90960544046261,148.26069862602665
40.81270440792101,-73.91322045977687,151.3292816715403
40.80496295071849,-73.89950436625249,130.17900453424033
40.8122406855246,-73.90189469683837,147.73015891681263
40.81702323353604,-73.90984149442005,135.41998669703335
40.82194791883157,-73.90902330207452,149.50344294559756
40.817736943148375,-73.89803473242951,148.09830242503855
40.822650313842736,-73.89956373383069,151.4565265812752
40.80564197690989,-73.88742016831665,136.87380723367116
40.81110008241738,-73.8871983362506,151.36900817661999
40.80462600613076,-73.87993420877439,134.9228249385598
40.81049861228524,-73.8751721847902,147.6476224773748
40.81600302801265,-73.88781642129412,130.8058690522511
40.82241923793864,-73.88749154865384,142.65137779756137
40.81774792498339,-73.87838044454158,137.77722231582212
40.82182049213829,-73.87857806203398,159.76273854187366
40.783181777384115,-73.86749130708357,45.30212128003749
40.78832488669665,-73.86699596505976,34.57655086354633
40.78505486065095,-73.8530187529175,33.77189298526358
40.79048426618069,-73.85757169482233,45.78899851884286
40.79496910423412,-73.86835934480231,44.52792726006159
40.801196492670854,-73.86480065694754,43.44812939042513
40.79444185277352,-73.85488848923941,31.898967660202683
40.80023097648206,-73.85673922901897,34.4233316882098
40.78489887193437,-73.84662205189585,47.42849833378446
40.78845765185807,-73.84718416660805,53.87528540238095
40.78499069712415,-73.83343559958149,38.95425496916466
40.78870162127225,-73.83605940386596,38.005460389177905
40.79493234993078,-73.84574479674419,20.70752810178789
40.79993645842819,-73.84189845174124,50.18344413844335
40.79501499580829,-73.83121892721007,50.28471326897541
40.80033582450843,-73.83477978949504,59.46187565738924
40.807236091197204,-73.86879209169825,54.02305370914976
40.81172563799903,-73.86549187819172,45.559657920955026
40.805289955276166,-73.85805243311619,32.968084792444486
40.8111734765872,-73.85649343588878,53.45442620778193
40.816376349692746,-73.86770628787119,38.157621451080146
40.82324704857848,-73.86678844439854,50.86121599268335
40.81750510721493,-73.85585488025741,39.963013811159946
40.82172670475812,-73.85388408461289,53.152961573876695
40.80617189366022,-73.84683721872493,41.58604776546817
40.81055106464965,-73.84673606593789,44.62628836135812
40.80704246133493,-73.83189454879975,51.82006971010858
40.8113002623638,-73.8325679399349,39.713646626194915
40.817875601008524,-73.84722782929805,42.6485237786661
40.823767114199185,-73.84641889070127,44.841691920352346
40.81818719735427,-73.83494985224742,31.3183309779078
40.82135075525556,-73.83298067928489,30.325076217459806
40.82678674371275,-73.95586618046487,160.82378095782417
40.83230700032407,-73.95259443533136,166.78835006255014
40.828021106253665,-73.94286294637949,161.3070058990821
40.83267509456526,-73.94538595913616,165.44018604469767
40.839765649872064,-73.95551024420116,151.5439294619004
40.84378938363055,-73.95506662595241,181.8222469392591
40.83974533586712,-73.94240660332085,162.73450607785014
40.84465062358486,-73.94309343109924,162.39759824500032
40.827452276086106,-73.9309956439433,180.46907392712748
40.83247135498442,-73.93086668327135,168.32704282529983
40.826771555819334,-73.91938288976228,155.8062036971096
40.83367412691325,-73.92031354930847,158.27428832081472
40.83975799216479,-73.9310499273383,165.2989326112513
40.843853998869804,-73.93136846748648,167.37014519818064
40.839984455338865,-73.9218209203516,148.1077973468088
40.84553985340738,-73.92388553132132,165.5908151509303
40.84911551912413,-73.95246573183641,161.16287455179938
40.854041128942725,-73.9558135187889,155.44405970906163
40.84993082880691,-73.94243486077805,170.07615190438528
40.8551618235216,-73.94185977382986,179.23201445387932
40.86137081978531,-73.95298965147853,158.6353105870979
40.86643290712509,-73.95656654671106,161.46001399494327
40.859835218259555,-73.945221397698,149.1874748970687
40.86630330090794,-73.94317026736523,167.09970467619559
40.85113506680578,-73.93429287520311,154.9133090195838
40.85663005424028,-73.9300130515217,147.14847710835474
40.84916261367048,-73.92370424272711,177.11304461844662
40.854374669574355,-73.91945269120343,161.8273978312396
40.860695402194416,-73.93284989842466,175.3975593265038
40.86556279475094,-73.93361575564592,165.44054827035572
40.860564766420865,-73.92261255029078,173.09906790806755
40.86531107636631,-73.91892888594683,163.09302496145716
